video_id,duration,fps,width,height,motion_score,scene_changes,hook_intensity,face_count,face_presence_ratio,brightness,contrast,pacing_score,views
video001,7.2072,29.97002997002997,4096.0,2160.0,18.607882094109193,0.0,32.21520781754443,195.0,100.0,81.65567994859484,50.727899333057444,75.48396019890073,83462.0
video002,6.7067000000000005,29.97002997002997,3840.0,2160.0,3.2888194117052807,0.0,28.831704030133626,0.0,0.0,90.67854036458331,54.36043670305732,75.48396019890073,731357.0
video003,9.533333333333333,30.0,3840.0,2160.0,13.851327479570763,0.0,33.99903629491088,1.0,3.3333333333333335,133.5815830439815,55.66309633180272,75.48396019890073,14016.0
video004,8.72,50.0,2160.0,3840.0,10.69684118512033,0.0,34.08504072911845,29.0,76.66666666666667,121.64376569130977,59.32530170597154,75.48396019890073,51559.0
video005,19.25,24.0,1920.0,1080.0,3.5944438364313935,0.0,14.754365900050788,1.0,3.3333333333333335,64.51161518614971,27.728893291759608,75.48396019890073,433199.0
video006,30.0,24.0,478.0,850.0,28.046076632094113,41.0,30.076790106747538,32.0,80.0,151.60641299532364,39.0094777988513,9.205430804441084e-07,64532.0
video007,20.0,24.0,478.0,850.0,25.791494084500716,17.0,30.064050208361845,40.0,83.33333333333334,151.46160718680778,39.76243104688913,0.21874911181828874,456899.0
video008,10.0,24.0,478.0,850.0,21.483232520092493,0.0,29.560762161001357,35.0,76.66666666666667,151.7530813438346,41.85134247876971,75.48396019890073,365475.0
video009,40.0,24.0,478.0,850.0,30.95797203327048,30.0,32.59459996538439,15.0,40.0,135.55513056854542,48.7142415568759,1.1108996538242306,236576.0
video010,30.82245833333333,23.976023976023978,1280.0,720.0,11.21503632644127,0.0,30.884926220593265,20.0,50.0,94.99130631510415,56.93815607013978,75.48396019890073,256768.0
video011,30.0,24.0,478.0,850.0,28.046076632094113,41.0,30.076790106747538,32.0,80.0,151.60641299532364,39.0094777988513,9.205430804441084e-07,4567843.0
video012,20.0,24.0,478.0,850.0,26.73235101809447,29.0,32.63553422656466,13.0,40.0,138.2850609155796,44.74358584712408,6.691586091292782e-08,665433.0
video013,30.0,24.0,478.0,850.0,28.639495148055854,27.0,32.610713774546824,10.0,33.33333333333333,144.84781159241942,48.21131005212487,0.088382630693505,3456785.0
video014,30.0,24.0,478.0,850.0,30.832874517331177,35.0,32.60993573344139,12.0,40.0,137.16875289195178,47.470081473106724,0.00024482455575481867,386764.0
video015,30.82245833333333,23.976023976023978,1280.0,720.0,11.21503632644127,0.0,30.884926220593265,20.0,50.0,94.99130631510415,56.93815607013978,75.48396019890073,234544.0
video016,20.645625,23.976023976023978,1280.0,720.0,10.424169080010778,0.0,36.08986234818776,107.0,100.0,116.18788650173613,64.68612409939301,75.48396019890073,533199.0
video017,37.40403333333333,29.97002997002997,1280.0,720.0,4.550558155980604,0.0,33.21725751755039,0.0,0.0,109.6056097547743,62.71003339127522,75.48396019890073,733199.0
video018,19.8,30.0,1280.0,720.0,22.991491208131286,20.0,42.20505914675557,12.0,33.33333333333333,100.04092648654515,62.15096120983511,0.009638385547395587,1343199.0
video019,40.0,24.0,478.0,850.0,31.62385541543193,29.0,32.60040934614485,15.0,40.0,145.2411102633522,51.37232420650406,1.6037709275350562,433199.0
