duration,fps,width,height,aspect_ratio,motion_score,scene_changes,scene_change_rate,face_count,face_presence_ratio,brightness,contrast,hook_intensity,pacing_score,video_format,has_audio,speech_ratio,silence_ratio,music_ratio,word_count,unique_word_count,sentence_count,vocabulary_diversity,filler_word_ratio,hook_score,cta_score,transcript_quality,sentiment_score,category,followers,following,log_followers,follower_following_ratio,profile_ratio_score,creator_category,platform,orientation,format_type,format_compatibility,hashtag_count,unique_hashtag_count,generic_hashtag_count,niche_hashtag_count,hashtag_category_relevance,hashtag_niche_score,hashtag_density,actual_reach,video_id,likes
7.21,29.97,4096,2160,1.896,28.7,0,0.0,0,0.0,81.01,49.73,70.0,0.0,short_form_landscape,0,0.0,0.0,0.0,0,0,0,0.0,0.0,0.0,0.0,0.0,0.0,general,25000.0,800.0,4.398,31.25,75.0,general,instagram,landscape,landscape_short,60.0,0,0,0,0,0.0,0.0,0.0,83462.0,video001,244.0
6.71,29.97,3840,2160,1.778,8.5,0,0.0,0,0.0,91.3,54.41,37.0,0.0,short_form_landscape,0,0.0,0.0,0.0,0,0,0,0.0,0.0,0.0,0.0,0.0,0.0,general,25000.0,800.0,4.398,31.25,75.0,general,instagram,landscape,landscape_short,60.0,0,0,0,0,0.0,0.0,0.0,731357.0,video002,3900.0
9.53,30.0,3840,2160,1.778,22.03,0,0.0,0,0.0,133.35,55.58,64.05,0.0,short_form_landscape,0,0.0,0.0,0.0,0,0,0,0.0,0.0,0.0,0.0,0.0,0.0,general,25000.0,800.0,4.398,31.25,75.0,general,instagram,landscape,landscape_short,60.0,0,0,0,0,0.0,0.0,0.0,14016.0,video003,46.0
8.72,50.0,2160,3840,0.562,17.65,0,0.0,2,0.444,120.91,59.22,55.31,0.0,short_form_vertical,0,0.0,0.0,0.0,0,0,0,0.0,0.0,0.0,0.0,0.0,0.0,general,25000.0,800.0,4.398,31.25,75.0,general,instagram,vertical,vertical_short,100.0,0,0,0,0,0.0,0.0,0.0,51559.0,video004,120.0
19.25,24.0,1920,1080,1.778,5.54,0,0.0,0,0.0,64.51,27.7,31.09,0.0,short_form_landscape,0,0.0,0.0,0.0,0,0,0,0.0,0.0,0.0,0.0,0.0,0.0,general,25000.0,800.0,4.398,31.25,75.0,general,instagram,landscape,landscape_short,60.0,0,0,0,0,0.0,0.0,0.0,433199.0,video005,506.0
30.0,24.0,478,850,0.562,35.8,0,0.0,1,0.067,151.44,38.47,70.0,0.0,short_form_vertical,0,0.0,0.0,0.0,0,0,0,0.0,0.0,0.0,0.0,0.0,0.0,general,25000.0,800.0,4.398,31.25,75.0,general,instagram,vertical,vertical_short,100.0,0,0,0,0,0.0,0.0,0.0,64532.0,video006,1300.0
20.0,24.0,478,850,0.562,36.22,0,0.0,0,0.0,151.13,39.44,70.0,0.0,short_form_vertical,0,0.0,0.0,0.0,0,0,0,0.0,0.0,0.0,0.0,0.0,0.0,general,25000.0,800.0,4.398,31.25,75.0,general,instagram,vertical,vertical_short,100.0,0,0,0,0,0.0,0.0,0.0,456899.0,video007,3564.0
10.0,24.0,478,850,0.562,38.82,0,0.0,1,0.1,151.31,41.75,70.0,0.0,short_form_vertical,0,0.0,0.0,0.0,0,0,0,0.0,0.0,0.0,0.0,0.0,0.0,general,25000.0,800.0,4.398,31.25,75.0,general,instagram,vertical,vertical_short,100.0,0,0,0,0,0.0,0.0,0.0,365475.0,video008,7755.0
40.0,24.0,478,850,0.562,36.72,3,0.075,1,0.1,134.87,48.04,71.5,0.75,short_form_vertical,0,0.0,0.0,0.0,0,0,0,0.0,0.0,0.0,0.0,0.0,0.0,general,25000.0,800.0,4.398,31.25,75.0,general,instagram,vertical,vertical_short,100.0,0,0,0,0,0.0,0.0,0.0,236576.0,video009,4732.0
30.82,23.98,1280,720,1.778,13.76,0,0.0,1,0.121,95.08,56.74,47.52,0.0,short_form_landscape,0,0.0,0.0,0.0,0,0,0,0.0,0.0,0.0,0.0,0.0,0.0,general,25000.0,800.0,4.398,31.25,75.0,general,instagram,landscape,landscape_short,60.0,0,0,0,0,0.0,0.0,0.0,256768.0,video010,1000.0
30.0,24.0,478,850,0.562,35.8,0,0.0,1,0.067,151.44,38.47,70.0,0.0,short_form_vertical,0,0.0,0.0,0.0,0,0,0,0.0,0.0,0.0,0.0,0.0,0.0,general,25000.0,800.0,4.398,31.25,75.0,general,instagram,vertical,vertical_short,100.0,0,0,0,0,0.0,0.0,0.0,4567843.0,video011,5892.0
20.0,24.0,478,850,0.562,39.36,1,0.05,1,0.2,138.42,44.52,71.0,0.5,short_form_vertical,0,0.0,0.0,0.0,0,0,0,0.0,0.0,0.0,0.0,0.0,0.0,general,25000.0,800.0,4.398,31.25,75.0,general,instagram,vertical,vertical_short,100.0,0,0,0,0,0.0,0.0,0.0,665433.0,video012,1934.0
30.0,24.0,478,850,0.562,36.21,2,0.067,1,0.1,144.64,47.96,71.33,0.67,short_form_vertical,0,0.0,0.0,0.0,0,0,0,0.0,0.0,0.0,0.0,0.0,0.0,general,25000.0,800.0,4.398,31.25,75.0,general,instagram,vertical,vertical_short,100.0,0,0,0,0,0.0,0.0,0.0,3456785.0,video013,766.0
30.0,24.0,478,850,0.562,38.92,1,0.033,1,0.1,137.6,47.25,70.67,0.33,short_form_vertical,0,0.0,0.0,0.0,0,0,0,0.0,0.0,0.0,0.0,0.0,0.0,general,25000.0,800.0,4.398,31.25,75.0,general,instagram,vertical,vertical_short,100.0,0,0,0,0,0.0,0.0,0.0,386764.0,video014,3100.0
30.82,23.98,1280,720,1.778,13.76,0,0.0,1,0.121,95.08,56.74,47.52,0.0,short_form_landscape,0,0.0,0.0,0.0,0,0,0,0.0,0.0,0.0,0.0,0.0,0.0,general,25000.0,800.0,4.398,31.25,75.0,general,instagram,landscape,landscape_short,60.0,0,0,0,0,0.0,0.0,0.0,234544.0,video015,4200.0
20.65,23.98,1280,720,1.778,14.99,0,0.0,1,0.091,116.53,64.05,49.98,0.0,short_form_landscape,0,0.0,0.0,0.0,0,0,0,0.0,0.0,0.0,0.0,0.0,0.0,general,25000.0,800.0,4.398,31.25,75.0,general,instagram,landscape,landscape_short,60.0,0,0,0,0,0.0,0.0,0.0,533199.0,video016,3000.0
37.4,29.97,1280,720,1.778,5.1,0,0.0,2,0.077,109.82,62.5,30.2,0.0,short_form_landscape,0,0.0,0.0,0.0,0,0,0,0.0,0.0,0.0,0.0,0.0,0.0,general,25000.0,800.0,4.398,31.25,75.0,general,instagram,landscape,landscape_short,60.0,0,0,0,0,0.0,0.0,0.0,733199.0,video017,4000.0
19.8,30.0,1280,720,1.778,29.14,1,0.051,0,0.0,99.62,60.69,71.01,0.51,short_form_landscape,0,0.0,0.0,0.0,0,0,0,0.0,0.0,0.0,0.0,0.0,0.0,general,25000.0,800.0,4.398,31.25,75.0,general,instagram,landscape,landscape_short,60.0,0,0,0,0,0.0,0.0,0.0,1343199.0,video018,20000.0
40.0,24.0,478,850,0.562,37.37,2,0.05,1,0.1,143.77,50.42,71.0,0.5,short_form_vertical,0,0.0,0.0,0.0,0,0,0,0.0,0.0,0.0,0.0,0.0,0.0,general,25000.0,800.0,4.398,31.25,75.0,general,instagram,vertical,vertical_short,100.0,0,0,0,0,0.0,0.0,0.0,433199.0,video019,2356.0
